{"type":"Live2D Expression","fade_in":500,"fade_out":500,"params":[{"id":"PARAM_EYE_R_OPEN","val":1.1,"calc":"mult"},{"id":"PARAM_EYE_L_OPEN","val":1.1,"calc":"mult"},{"id":"PARAM_EYE_BALL_Y","val":0.18},{"id":"PARAM_EYE_FORM","val":-1},{"id":"PARAM_BROW_R_Y","val":-0.8},{"id":"PARAM_BROW_R_X","val":-0.23},{"id":"PARAM_BROW_R_ANGLE","val":-0.4},{"id":"PARAM_BROW_R_FORM","val":-2.5},{"id":"PARAM_BROW_L_Y","val":-0.8},{"id":"PARAM_BROW_L_X","val":-0.23},{"id":"PARAM_BROW_L_ANGLE","val":-0.4},{"id":"PARAM_BROW_L_FORM","val":-2.5},{"id":"PARAM_EYE_BROWS","val":0.5},{"id":"PARAM_MOUTH_FORM_01","val":-2.5},{"id":"PARAM_MOUTH_SCALE","val":0.57}]}