{"version":"Sample 1.0.0",
"layout":{"center_x":0,"center_y":0,"width":2},
"hit_areas_custom":{"head_x":[-0.25,1],"head_y":[0.25,0.2],"body_x":[-0.3,0.2],"body_y":[0.3,-1.9]},
"model":"live2d/chara/037_casual-2023_rip/anon_casual-2023.moc",
"physics":"live2d/chara/037_casual-2023_rip/anon_casual-2023.physics.json",
"textures":["live2d/chara/037_general_rip/texture_00.png","live2d/chara/037_casual-2023_rip/texture_01.png"],
"motions":{
    "smirk":[{"file":"live2d/chara/037_general_rip/smirk.mtn"}],

    "nf02_soyo":[{"file":"live2d/chara/037_general_rip/nf02_soyo.mtn"}],
    "nf_right01_soyo":[{"file":"live2d/chara/037_general_rip/nf_right01_soyo.mtn"}],
    "nf05_soyo":[{"file":"live2d/chara/037_general_rip/nf05_soyo.mtn"}],
    "nf03_soyo":[{"file":"live2d/chara/037_general_rip/nf03_soyo.mtn"}],
    "nf_left01_soyo":[{"file":"live2d/chara/037_general_rip/nf_left01_soyo.mtn"}],
    "serious01_soyo":[{"file":"live2d/chara/037_general_rip/serious01_soyo.mtn"}],
    "angry02_soyo":[{"file":"live2d/chara/037_general_rip/angry02_soyo.mtn"}],
    "smile01_soyo":[{"file":"live2d/chara/037_general_rip/smile01_soyo.mtn"}],
    "sad01_soyo":[{"file":"live2d/chara/037_general_rip/sad01_soyo.mtn"}],
    "nf01_soyo":[{"file":"live2d/chara/037_general_rip/nf01_soyo.mtn"}],
    "surprised01_soyo":[{"file":"live2d/chara/037_general_rip/surprised01_soyo.mtn"}],
    "idle01_soyo":[{"file":"live2d/chara/037_general_rip/idle01_soyo.mtn"}],
    "smile05_soyo":[{"file":"live2d/chara/037_general_rip/smile05_soyo.mtn"}],
    "nf04_soyo":[{"file":"live2d/chara/037_general_rip/nf04_soyo.mtn"}],
    "cry02_soyo":[{"file":"live2d/chara/037_general_rip/cry02_soyo.mtn"}],
    "odoodo01_soyo":[{"file":"live2d/chara/037_general_rip/odoodo01_soyo.mtn"}],
    "serious02_soyo":[{"file":"live2d/chara/037_general_rip/serious02_soyo.mtn"}],
    "bye01_soyo":[{"file":"live2d/chara/037_general_rip/bye01_soyo.mtn"}],
    "sad02_soyo":[{"file":"live2d/chara/037_general_rip/sad02_soyo.mtn"}],
    "thinking02_soyo":[{"file":"live2d/chara/037_general_rip/thinking02_soyo.mtn"}],
    "smile03_soyo":[{"file":"live2d/chara/037_general_rip/smile03_soyo.mtn"}],
    "cry01_soyo":[{"file":"live2d/chara/037_general_rip/cry01_soyo.mtn"}],
    "sad03_soyo":[{"file":"live2d/chara/037_general_rip/sad03_soyo.mtn"}],
    "smile04_soyo":[{"file":"live2d/chara/037_general_rip/smile04_soyo.mtn"}],
    "shame01_soyo":[{"file":"live2d/chara/037_general_rip/shame01_soyo.mtn"}],
    "angry03_soyo":[{"file":"live2d/chara/037_general_rip/angry03_soyo.mtn"}],
    "kime01_soyo":[{"file":"live2d/chara/037_general_rip/kime01_soyo.mtn"}],
    "thinking01_soyo":[{"file":"live2d/chara/037_general_rip/thinking01_soyo.mtn"}],
    "smile02_soyo":[{"file":"live2d/chara/037_general_rip/smile02_soyo.mtn"}],
    "wink01_soyo":[{"file":"live2d/chara/037_general_rip/wink01_soyo.mtn"}],
    "serious04_soyo":[{"file":"live2d/chara/037_general_rip/serious04_soyo.mtn"}],
    "ando01_soyo":[{"file":"live2d/chara/037_general_rip/ando01_soyo.mtn"}],
    "bye02_soyo":[{"file":"live2d/chara/037_general_rip/bye02_soyo.mtn"}],
    "angry01_soyo":[{"file":"live2d/chara/037_general_rip/angry01_soyo.mtn"}],
    "serious03_soyo":[{"file":"live2d/chara/037_general_rip/serious03_soyo.mtn"}],
    "shame02_soyo":[{"file":"live2d/chara/037_general_rip/shame02_soyo.mtn"}],
    "kandou01_soyo":[{"file":"live2d/chara/037_general_rip/kandou01_soyo.mtn"}],

    "surprised_misaki":[{"file":"live2d/chara/037_general_rip/surprised_misaki.mtn"}],
    "surprised01_eve":[{"file":"live2d/chara/037_general_rip/surprised01_eve.mtn"}],
    "nf03_sk":[{"file":"live2d/chara/037_general_rip/nf03_sk.mtn"}],
    "smile04_sk":[{"file":"live2d/chara/037_general_rip/smile04_sk.mtn"}],
    "shame01_kokoro":[{"file":"live2d/chara/037_general_rip/shame01_kokoro.mtn"}],

    "nod01_maya":[{"file":"live2d/chara/037_general_rip/nod01_maya.mtn"}],
    "nod01_sk":[{"file":"live2d/chara/037_general_rip/nod01_sk.mtn"}],
    "nod01_chisato":[{"file":"live2d/chara/037_general_rip/nod01_chisato.mtn"}],
    "nod01_yukina":[{"file":"live2d/chara/037_general_rip/nod01_yukina.mtn"}],
    "nod01_tsugumi":[{"file":"live2d/chara/037_general_rip/nod01_tsugumi.mtn"}],
    "nod01_saya":[{"file":"live2d/chara/037_general_rip/nod01_saya.mtn"}],
    "nod01_nanami":[{"file":"live2d/chara/037_general_rip/nod01_nanami.mtn"}],
    "nod01_lisa":[{"file":"live2d/chara/037_general_rip/nod01_lisa.mtn"}],
    "nod01_kokoro":[{"file":"live2d/chara/037_general_rip/nod01_kokoro.mtn"}],
    "nod01_kasumi":[{"file":"live2d/chara/037_general_rip/nod01_kasumi.mtn"}],
    "nod01_kaoru":[{"file":"live2d/chara/037_general_rip/nod01_kaoru.mtn"}],
    "nod02_kokoro":[{"file":"live2d/chara/037_general_rip/nod02_kokoro.mtn"}],
    "nod02_kasumi":[{"file":"live2d/chara/037_general_rip/nod02_kasumi.mtn"}],

    "sigh01_rui": [{"file": "live2d/chara/037_general_rip/sigh01_rui.mtn"}],
    "sigh02_rui": [{"file": "live2d/chara/037_general_rip/sigh02_rui.mtn"}],
    
    "sigh01": [{"file": "live2d/chara/037_general_rip/sigh01.mtn"}],
    "sigh02": [{"file": "live2d/chara/037_general_rip/sigh02.mtn"}],

    "angry01":[{"file":"live2d/chara/037_general_rip/angry01.mtn"}],
    "smile01":[{"file":"live2d/chara/037_general_rip/smile01.mtn"}],
    "thinking01":[{"file":"live2d/chara/037_general_rip/thinking01.mtn"}],
    "nnf02":[{"file":"live2d/chara/037_general_rip/nnf02.mtn"}],
    "smile04":[{"file":"live2d/chara/037_general_rip/smile04.mtn"}],
    "serious02":[{"file":"live2d/chara/037_general_rip/serious02.mtn"}],
    "smile02":[{"file":"live2d/chara/037_general_rip/smile02.mtn"}],
    "angry04":[{"file":"live2d/chara/037_general_rip/angry04.mtn"}],
    "nnf_right01":[{"file":"live2d/chara/037_general_rip/nnf_right01.mtn"}],
    "nf05":[{"file":"live2d/chara/037_general_rip/nf05.mtn"}],
    "nnf05":[{"file":"live2d/chara/037_general_rip/nnf05.mtn"}],
    "angry02":[{"file":"live2d/chara/037_general_rip/angry02.mtn"}],
    "nnf04":[{"file":"live2d/chara/037_general_rip/nnf04.mtn"}],
    "thinking03":[{"file":"live2d/chara/037_general_rip/thinking03.mtn"}],
    "angry03":[{"file":"live2d/chara/037_general_rip/angry03.mtn"}],
    "nf_right01":[{"file":"live2d/chara/037_general_rip/nf_right01.mtn"}],
    "sad01":[{"file":"live2d/chara/037_general_rip/sad01.mtn"}],
    "nf_left01":[{"file":"live2d/chara/037_general_rip/nf_left01.mtn"}],
    "kandou02":[{"file":"live2d/chara/037_general_rip/kandou02.mtn"}],
    "shame01":[{"file":"live2d/chara/037_general_rip/shame01.mtn"}],
    "cry01":[{"file":"live2d/chara/037_general_rip/cry01.mtn"}],
    "nf03":[{"file":"live2d/chara/037_general_rip/nf03.mtn"}],
    "cry02":[{"file":"live2d/chara/037_general_rip/cry02.mtn"}],
    "nnf03":[{"file":"live2d/chara/037_general_rip/nnf03.mtn"}],
    "nf02":[{"file":"live2d/chara/037_general_rip/nf02.mtn"}],
    "bye01":[{"file":"live2d/chara/037_general_rip/bye01.mtn"}],
    "shame02":[{"file":"live2d/chara/037_general_rip/shame02.mtn"}],
    "smile03":[{"file":"live2d/chara/037_general_rip/smile03.mtn"}],
    "sad02":[{"file":"live2d/chara/037_general_rip/sad02.mtn"}],
    "wink01":[{"file":"live2d/chara/037_general_rip/wink01.mtn"}],
    "thinking02":[{"file":"live2d/chara/037_general_rip/thinking02.mtn"}],
    "kime02":[{"file":"live2d/chara/037_general_rip/kime02.mtn"}],
    "nnf01":[{"file":"live2d/chara/037_general_rip/nnf01.mtn"}],
    "nf01":[{"file":"live2d/chara/037_general_rip/nf01.mtn"}],
    "nnf_left01":[{"file":"live2d/chara/037_general_rip/nnf_left01.mtn"}],
    "kandou01":[{"file":"live2d/chara/037_general_rip/kandou01.mtn"}],
    "nf04":[{"file":"live2d/chara/037_general_rip/nf04.mtn"}],
    "surprised01":[{"file":"live2d/chara/037_general_rip/surprised01.mtn"}],
    "serious01":[{"file":"live2d/chara/037_general_rip/serious01.mtn"}],
    "idle01":[{"file":"live2d/chara/037_general_rip/idle01.mtn"}],
    "kime01":[{"file":"live2d/chara/037_general_rip/kime01.mtn"}],
    "handsleft":[{"file":"live2d/chara/037_general_rip/idle_H01L.mtn"}],
    "handsright":[{"file":"live2d/chara/037_general_rip/idle_H01R.mtn"}],
    "kiss_nnfL01_dowm":[{"file":"live2d/chara/037_general_rip/kiss_nnfL01_dowm_v4.mtn"}],
    "kiss_nnfL01_up":[{"file":"live2d/chara/037_general_rip/kiss_nnfL01_up_v4.mtn"}],
    "kiss_nnfL01":[{"file":"live2d/chara/037_general_rip/kiss_nnfL01_v4.mtn"}],
    "kiss_nnfR01_dowm":[{"file":"live2d/chara/037_general_rip/kiss_nnfR01_dowm_v4.mtn"}],
    "kiss_nnfR01_up":[{"file":"live2d/chara/037_general_rip/kiss_nnfR01_up_v4.mtn"}],
    "kiss_nnfR01_v4":[{"file":"live2d/chara/037_general_rip/kiss_nnfR01_v4.mtn"}],
    "kiss_Tomoli_nnf02":[{"file":"live2d/chara/037_general_rip/kiss_Tomoli_nnf02_v2.mtn"}]
    },
    "expressions":[
        {"name": "sigh01","file": "live2d/chara/037_general_rip/sigh01.exp.json"},
        {"name": "sigh02","file": "live2d/chara/037_general_rip/sigh02.exp.json"},
        {"name":"smirk","file":"live2d/chara/037_general_rip/smirk.exp.json"},

        {"name":"f01","file":"live2d/chara/037_general_rip/f01.exp.json"},
        {"name":"f02","file":"live2d/chara/037_general_rip/f02.exp.json"},
        {"name":"f03","file":"live2d/chara/037_general_rip/f03.exp.json"},
        {"name":"f04","file":"live2d/chara/037_general_rip/f04.exp.json"},
        {"name":"f05","file":"live2d/chara/037_general_rip/f05.exp.json"},

        {"name":"R_body_down","file":"live2d/chara/037_general_rip/R_boby_Down.exp.json"},
        {"name":"Down_look","file":"live2d/chara/037_general_rip/Down_look.exp.json"},
        {"name":"L_Boby_Down","file":"live2d/chara/037_general_rip/L_Boby_Down.exp.json"},
        {"name":"L_Boby_UP","file":"live2d/chara/037_general_rip/L_Boby_UP.exp.json"},
        {"name":"R_boby_UP","file":"live2d/chara/037_general_rip/R_boby_UP.exp.json"},
        {"name":"Up_look","file":"live2d/chara/037_general_rip/Up_look.exp.json"},
        {"name":"turnL","file":"live2d/chara/037_general_rip/L_Boby.exp.json"},
        {"name":"turnR","file":"live2d/chara/037_general_rip/R_Boby.exp.json"},

        {"name":"default","file":"live2d/chara/037_general_rip/default.exp.json"},
        {"name":"angry02","file":"live2d/chara/037_general_rip/angry02.exp.json"},
        {"name":"kandou02","file":"live2d/chara/037_general_rip/kandou02.exp.json"},
        {"name":"thinking01","file":"live2d/chara/037_general_rip/thinking01.exp.json"},
        {"name":"idle01","file":"live2d/chara/037_general_rip/idle01.exp.json"},
        {"name":"shame02","file":"live2d/chara/037_general_rip/shame02.exp.json"},
        {"name":"surprised01","file":"live2d/chara/037_general_rip/surprised01.exp.json"},
        {"name":"kime01","file":"live2d/chara/037_general_rip/kime01.exp.json"},
        {"name":"shame01","file":"live2d/chara/037_general_rip/shame01.exp.json"},
        {"name":"bye01","file":"live2d/chara/037_general_rip/bye01.exp.json"},
        {"name":"cry01","file":"live2d/chara/037_general_rip/cry01.exp.json"},
        {"name":"cry02","file":"live2d/chara/037_general_rip/cry02.exp.json"},
        {"name":"serious02","file":"live2d/chara/037_general_rip/serious02.exp.json"},
        {"name":"angry04","file":"live2d/chara/037_general_rip/angry04.exp.json"},
        {"name":"thinking03","file":"live2d/chara/037_general_rip/thinking03.exp.json"},
        {"name":"kandou01","file":"live2d/chara/037_general_rip/kandou01.exp.json"},
        {"name":"smile03","file":"live2d/chara/037_general_rip/smile03.exp.json"},
        {"name":"kime02","file":"live2d/chara/037_general_rip/kime02.exp.json"},
        {"name":"smile01","file":"live2d/chara/037_general_rip/smile01.exp.json"},
        {"name":"wink01","file":"live2d/chara/037_general_rip/wink01.exp.json"},
        {"name":"thinking02","file":"live2d/chara/037_general_rip/thinking02.exp.json"},
        {"name":"sad01","file":"live2d/chara/037_general_rip/sad01.exp.json"},
        {"name":"angry01","file":"live2d/chara/037_general_rip/angry01.exp.json"},
        {"name":"angry03","file":"live2d/chara/037_general_rip/angry03.exp.json"},
        {"name":"smile02","file":"live2d/chara/037_general_rip/smile02.exp.json"},
        {"name":"serious01","file":"live2d/chara/037_general_rip/serious01.exp.json"},
        {"name":"smile04","file":"live2d/chara/037_general_rip/smile04.exp.json"},
        {"name":"sad02","file":"live2d/chara/037_general_rip/sad02.exp.json"}
    ]
}