{"version":"Sample 1.0.0","layout":{"center_x":0,"center_y":0,"width":2},"hit_areas_custom":{"head_x":[-0.25,1],"head_y":[0.25,0.2],"body_x":[-0.3,0.2],"body_y":[0.3,-1.9]},"model":"live2d/chara/341_school_summer-2023_rip/sakiko_school_summer-2023.moc","physics":"live2d/chara/341_school_summer-2023_rip/sakiko_school_summer-2023.physics.json","textures":["live2d/chara/341_general_rip/texture_00.png","live2d/chara/341_school_summer-2023_rip/texture_01.png"],"motions":{"nf_left01":[{"file":"live2d/chara/341_general_rip/nf_left01.mtn"}],"cry04":[{"file":"live2d/chara/341_general_rip/cry04.mtn"}],"nnf01":[{"file":"live2d/chara/341_general_rip/nnf01.mtn"}],"kime01":[{"file":"live2d/chara/341_general_rip/kime01.mtn"}],"cry01":[{"file":"live2d/chara/341_general_rip/cry01.mtn"}],"angry05":[{"file":"live2d/chara/341_general_rip/angry05.mtn"}],"nf_right01":[{"file":"live2d/chara/341_general_rip/nf_right01.mtn"}],"nf04":[{"file":"live2d/chara/341_general_rip/nf04.mtn"}],"nnf_right01":[{"file":"live2d/chara/341_general_rip/nnf_right01.mtn"}],"nod01":[{"file":"live2d/chara/341_general_rip/nod01.mtn"}],"shame02":[{"file":"live2d/chara/341_general_rip/shame02.mtn"}],"nnf_left01":[{"file":"live2d/chara/341_general_rip/nnf_left01.mtn"}],"angry07":[{"file":"live2d/chara/341_general_rip/angry07.mtn"}],"nf03":[{"file":"live2d/chara/341_general_rip/nf03.mtn"}],"sigh01":[{"file":"live2d/chara/341_general_rip/sigh01.mtn"}],"nnf04":[{"file":"live2d/chara/341_general_rip/nnf04.mtn"}],"nnf05":[{"file":"live2d/chara/341_general_rip/nnf05.mtn"}],"sigh02":[{"file":"live2d/chara/341_general_rip/sigh02.mtn"}],"nf01":[{"file":"live2d/chara/341_general_rip/nf01.mtn"}],"smile04":[{"file":"live2d/chara/341_general_rip/smile04.mtn"}],"thinking01":[{"file":"live2d/chara/341_general_rip/thinking01.mtn"}],"nf05":[{"file":"live2d/chara/341_general_rip/nf05.mtn"}],"surprised02":[{"file":"live2d/chara/341_general_rip/surprised02.mtn"}],"bye01":[{"file":"live2d/chara/341_general_rip/bye01.mtn"}],"bye02":[{"file":"live2d/chara/341_general_rip/bye02.mtn"}],"odoodo01":[{"file":"live2d/chara/341_general_rip/odoodo01.mtn"}],"serious01":[{"file":"live2d/chara/341_general_rip/serious01.mtn"}],"smile03":[{"file":"live2d/chara/341_general_rip/smile03.mtn"}],"nnf03":[{"file":"live2d/chara/341_general_rip/nnf03.mtn"}],"angry04":[{"file":"live2d/chara/341_general_rip/angry04.mtn"}],"angry02":[{"file":"live2d/chara/341_general_rip/angry02.mtn"}],"sad01":[{"file":"live2d/chara/341_general_rip/sad01.mtn"}],"nf02":[{"file":"live2d/chara/341_general_rip/nf02.mtn"}],"surprised01":[{"file":"live2d/chara/341_general_rip/surprised01.mtn"}],"cry03":[{"file":"live2d/chara/341_general_rip/cry03.mtn"}],"smile02":[{"file":"live2d/chara/341_general_rip/smile02.mtn"}],"smile05":[{"file":"live2d/chara/341_general_rip/smile05.mtn"}],"cry05":[{"file":"live2d/chara/341_general_rip/cry05.mtn"}],"angry01":[{"file":"live2d/chara/341_general_rip/angry01.mtn"}],"serious02":[{"file":"live2d/chara/341_general_rip/serious02.mtn"}],"cry02":[{"file":"live2d/chara/341_general_rip/cry02.mtn"}],"nnf02":[{"file":"live2d/chara/341_general_rip/nnf02.mtn"}],"angry03":[{"file":"live2d/chara/341_general_rip/angry03.mtn"}],"smile01":[{"file":"live2d/chara/341_general_rip/smile01.mtn"}],"thinking02":[{"file":"live2d/chara/341_general_rip/thinking02.mtn"}],"smile06":[{"file":"live2d/chara/341_general_rip/smile06.mtn"}],"angry06":[{"file":"live2d/chara/341_general_rip/angry06.mtn"}],"idle01":[{"file":"live2d/chara/341_general_rip/idle01.mtn"}],"sad02":[{"file":"live2d/chara/341_general_rip/sad02.mtn"}],"shame01":[{"file":"live2d/chara/341_general_rip/shame01.mtn"}]},"expressions":[{"name":"smile06","file":"live2d/chara/341_general_rip/smile06.exp.json"},{"name":"serious02","file":"live2d/chara/341_general_rip/serious02.exp.json"},{"name":"idle01","file":"live2d/chara/341_general_rip/idle01.exp.json"},{"name":"thinking02","file":"live2d/chara/341_general_rip/thinking02.exp.json"},{"name":"sad02","file":"live2d/chara/341_general_rip/sad02.exp.json"},{"name":"cry02","file":"live2d/chara/341_general_rip/cry02.exp.json"},{"name":"angry01","file":"live2d/chara/341_general_rip/angry01.exp.json"},{"name":"shame01","file":"live2d/chara/341_general_rip/shame01.exp.json"},{"name":"smile05","file":"live2d/chara/341_general_rip/smile05.exp.json"},{"name":"smile03","file":"live2d/chara/341_general_rip/smile03.exp.json"},{"name":"shame02","file":"live2d/chara/341_general_rip/shame02.exp.json"},{"name":"sigh01","file":"live2d/chara/341_general_rip/sigh01.exp.json"},{"name":"cry04","file":"live2d/chara/341_general_rip/cry04.exp.json"},{"name":"smile02","file":"live2d/chara/341_general_rip/smile02.exp.json"},{"name":"serious01","file":"live2d/chara/341_general_rip/serious01.exp.json"},{"name":"default","file":"live2d/chara/341_general_rip/default.exp.json"},{"name":"odoodo01","file":"live2d/chara/341_general_rip/odoodo01.exp.json"},{"name":"cry03","file":"live2d/chara/341_general_rip/cry03.exp.json"},{"name":"surprised02","file":"live2d/chara/341_general_rip/surprised02.exp.json"},{"name":"sad01","file":"live2d/chara/341_general_rip/sad01.exp.json"},{"name":"sigh02","file":"live2d/chara/341_general_rip/sigh02.exp.json"},{"name":"smile01","file":"live2d/chara/341_general_rip/smile01.exp.json"},{"name":"smile04","file":"live2d/chara/341_general_rip/smile04.exp.json"},{"name":"surprised01","file":"live2d/chara/341_general_rip/surprised01.exp.json"},{"name":"cry01","file":"live2d/chara/341_general_rip/cry01.exp.json"},{"name":"thinking01","file":"live2d/chara/341_general_rip/thinking01.exp.json"},{"name":"kime01","file":"live2d/chara/341_general_rip/kime01.exp.json"},{"name":"angry07","file":"live2d/chara/341_general_rip/angry07.exp.json"},{"name":"angry02","file":"live2d/chara/341_general_rip/angry02.exp.json"}]}